<?xml version="1.0" encoding="GB2312" standalone="no"?><username1><username2><username>zhangxianzeng</username><password>1234z56</password><name>zhang</name><sex>nan</sex></username2><username2><username>zhangxianzeng</username><password>1234z56</password><name>wu</name><sex>nv</sex></username2><username2><username>zhangxianzeng</username><password>1234z56</password><name>wang</name><sex>nan</sex></username2><username2><username>zhangxianzeng</username><password>1234z56</password><name>zhang</name><sex>nv</sex></username2><username2><username>zhangxianzeng</username><password>1234z56</password><name>sun</name><sex>wyb</sex></username2><username2><username>zhangxianzeng</username><password>1234z56</password><name>li</name><sex>sd</sex></username2><username2><username>zhangxianzeng</username><password>1234z56</password><name>jjjj</name></username2></username1>