<?xml version="1.0" encoding="UTF-8"?>
<dict><Word id="0"><id1><![CDATA[0]]></id1><name><![CDATA[zhang]]></name><sex><![CDATA[nan]]></sex></Word><Word id="1"><id1><![CDATA[1]]></id1><name><![CDATA[wu]]></name><sex><![CDATA[nv]]></sex></Word><Word id="2"><id1><![CDATA[2]]></id1><name><![CDATA[wang]]></name><sex><![CDATA[nan]]></sex></Word><Word id="3"><id1><![CDATA[3]]></id1><name><![CDATA[zhang]]></name><sex><![CDATA[nv]]></sex></Word><Word id="4"><id1><![CDATA[4]]></id1><name><![CDATA[sun]]></name><sex><![CDATA[wyb]]></sex></Word><Word id="5"><id1><![CDATA[5]]></id1><name><![CDATA[li]]></name><sex><![CDATA[sd]]></sex></Word><Word id="6"><id1><![CDATA[6]]></id1><name><![CDATA[jjjj]]></name><sex><![CDATA[]]></sex></Word><Word id="7"><id1><![CDATA[7]]></id1><name><![CDATA[ping]]></name><sex><![CDATA[]]></sex></Word><Word id="8"><id1><![CDATA[8]]></id1><name><![CDATA[jjjj]]></name><sex><![CDATA[llll]]></sex></Word><Word id="9"><id1><![CDATA[9]]></id1><name><![CDATA[]]></name><sex><![CDATA[oooo]]></sex></Word><Word id="10"><id1><![CDATA[10]]></id1><name><![CDATA[ping]]></name><sex><![CDATA[]]></sex></Word><word1 id="11"><id1><![CDATA[0]]></id1><a_name><![CDATA[zhang]]></a_name><dizhi><![CDATA[beij]]></dizhi></word1><word1 id="12"><id1><![CDATA[1]]></id1><a_name><![CDATA[wu]]></a_name><dizhi><![CDATA[jinan]]></dizhi></word1><word1 id="13"><id1><![CDATA[2]]></id1><a_name><![CDATA[wang]]></a_name><dizhi><![CDATA[riben]]></dizhi></word1><word1 id="14"><id1><![CDATA[3]]></id1><a_name><![CDATA[sun]]></a_name><dizhi><![CDATA[bbb]]></dizhi></word1><word1 id="15"><id1><![CDATA[4]]></id1><a_name><![CDATA[li]]></a_name><dizhi><![CDATA[uu]]></dizhi></word1><weekCourseList id="16"><WeekCourse reference="0"/><WeekCourse reference="1"/><WeekCourse reference="2"/><WeekCourse reference="3"/><WeekCourse reference="4"/><WeekCourse reference="5"/><WeekCourse reference="6"/><WeekCourse reference="7"/><WeekCourse reference="8"/><WeekCourse reference="9"/><WeekCourse reference="10"/><WeekCourse1 reference="11"/><WeekCourse1 reference="12"/><WeekCourse1 reference="13"/><WeekCourse1 reference="14"/><WeekCourse1 reference="15"/></weekCourseList></dict>