<?xml version="1.0" encoding="UTF-8"?>
<dict><Word id="0"><id1>0</id1><name>zhang</name><sex>nan</sex></Word><Word id="1"><id1>1</id1><name>wu</name><sex>nv</sex></Word><Word id="2"><id1>2</id1><name>wang</name><sex>nan</sex></Word><Word id="3"><id1>3</id1><name>zhang</name><sex>nv</sex></Word><Word id="4"><id1>4</id1><name>sun</name><sex>wyb</sex></Word><Word id="5"><id1>5</id1><name>li</name><sex>sd</sex></Word><Word id="6"><id1>6</id1><name>jjjj</name><sex></sex></Word><Word id="7"><id1>7</id1><name>ping</name><sex></sex></Word><Word id="8"><id1>8</id1><name>jjjj</name><sex>llll</sex></Word><Word id="9"><id1>9</id1><name>gg</name><sex>oooo</sex></Word><Word id="10"><id1>10</id1><name>ping</name><sex>gg</sex></Word><word1 id="11"><id1>0</id1><a_name>zhang</a_name><dizhi>beij</dizhi></word1><word1 id="12"><id1>1</id1><a_name>wu</a_name><dizhi>jinan</dizhi></word1><word1 id="13"><id1>2</id1><a_name>wang</a_name><dizhi>riben</dizhi></word1><word1 id="14"><id1>3</id1><a_name>sun</a_name><dizhi>bbb</dizhi></word1><word1 id="15"><id1>4</id1><a_name>li</a_name><dizhi>uu</dizhi></word1><Class id="16"><id>1</id><class>1ban</class><teacher>li</teacher></Class><Class id="17"><id>2</id><class>2ban</class><teacher>wang</teacher></Class><Class id="18"><id>3</id><class>3ban</class><teacher>sun</teacher></Class><School id="19"><id>1</id><school>ll</school><Class reference="17"/></School><School id="20"><id>2</id><school>77</school><Class reference="18"/></School><School id="21"><id>3</id><school>uu</school><Class reference="16"/></School><weekCourseList id="22"><WeekCourse reference="0"/><WeekCourse reference="1"/><WeekCourse reference="2"/><WeekCourse reference="3"/><WeekCourse reference="4"/><WeekCourse reference="5"/><WeekCourse reference="6"/><WeekCourse reference="7"/><WeekCourse reference="8"/><WeekCourse reference="9"/><WeekCourse reference="10"/><WeekCourse1 reference="11"/><WeekCourse1 reference="12"/><WeekCourse1 reference="13"/><WeekCourse1 reference="14"/><WeekCourse1 reference="15"/></weekCourseList></dict>